Sample	Sentrix_ID	Sentrix_Position	Sample_Plate	Sample_Well	Sample_Group	batch
TBI-AUTO73325-PT-3149	5815381027	R06C01	WG0001328-MSA4	B03	TBI-AUTO73325-PT-3149	0
TBI-AUTO73307-PT-314I	5815381028	R05C02	WG0001340-MSA4	C08	TBI-AUTO73307-PT-314I	1
TBI-AUTO73043-PT-35BD	5822038007	R06C01	WG0001338-MSA4	F01	TBI-AUTO73043-PT-35BD	1
PT-318X	6042324057	R02C02	WG0003259-MSA4	H01	PT-318X	1
TBI-AUTO73279-PT-35NK	5822038007	R06C02	WG0001338-MSA4	D02	TBI-AUTO73279-PT-35NK	1
TBI-AUTO73198-PT-35B6	5822062012	R01C01	WG0001329-MSA4	E08	TBI-AUTO73198-PT-35B6	1
PT-BYE9	5822038006	R04C01	WG0001339-MSA4	H05	PT-BYE9	1
TBI-AUTO73178-PT-35OH	5815381019	R01C02	WG0001328-MSA4	G01	TBI-AUTO73178-PT-35OH	0
PT-M5GW	5822062002	R06C01	WG0001326-MSA4	F07	PT-M5GW	0
TBI-AUTO73066-PT-35OG	5822062001	R03C01	WG0001326-MSA4	G11	TBI-AUTO73066-PT-35OG	0
TBI-AUTO73264-PT-318A	5822062007	R06C02	WG0001329-MSA4	H03	TBI-AUTO73264-PT-318A	1
TBI-AUTO72957-PT-314J	5822038008	R06C01	WG0001338-MSA4	B06	TBI-AUTO72957-PT-314J	1
PT-M5NH	5815381005	R02C01	WG0001327-MSA4	B07	PT-M5NH	0
PT-M5MJ	5815381017	R06C01	WG0001327-MSA4	B09	PT-M5MJ	0
PT-M5GV	5822038011	R01C02	WG0001339-MSA4	G04	PT-M5GV	1
PT-MA3G	5822020009	R06C01	WG0001091-MSA4	B06	PT-MA3G	1
PT-M5VB	5822038012	R04C02	WG0001339-MSA4	F12	PT-M5VB	1
PT-M5H3	5822038002	R04C01	WG0001338-MSA4	D07	PT-M5H3	1
PT-M5NZ	5822038004	R03C01	WG0001338-MSA4	G02	PT-M5NZ	1
PT-M54N	5815381015	R03C02	WG0001328-MSA4	E06	PT-M54N	0
PT-M5UM	5822062005	R03C02	WG0001329-MSA4	A05	PT-M5UM	1
TBI-AUTO73227-PT-2ZVV	5822038002	R03C01	WG0001338-MSA4	C07	TBI-AUTO73227-PT-2ZVV	1
PT-M56O	5822038012	R01C01	WG0001339-MSA4	E11	PT-M56O	1
PT-M5QJ	5822071004	R02C02	WG0001326-MSA4	D09	PT-M5QJ	0
PT-MA3T	5822020004	R01C02	WG0001091-MSA4	G04	PT-MA3T	1
TBI-AUTO73284-PT-35AL	5815381029	R02C02	WG0001328-MSA4	D12	TBI-AUTO73284-PT-35AL	0
PT-F6OJ	5821203016	R03C02	WG0001340-MSA4	E03	PT-F6OJ	1
TBI-AUTO72971-PT-35BO	5815381015	R02C02	WG0001328-MSA4	D06	TBI-AUTO72971-PT-35BO	0
PT-M55J	5822062005	R05C02	WG0001329-MSA4	C05	PT-M55J	1
TBI-AUTO73194-PT-35BR	5822071007	R06C01	WG0001326-MSA4	F01	TBI-AUTO73194-PT-35BR	0
PT-M5RR	5815381023	R02C02	WG0001327-MSA4	H10	PT-M5RR	0
TBI-AUTO73220-PT-2ZVY	5822062002	R02C01	WG0001326-MSA4	B07	TBI-AUTO73220-PT-2ZVY	0
PT-M5NY	5815381023	R01C02	WG0001327-MSA4	G10	PT-M5NY	0
TBI-AUTO73111-PT-2ZVT	5815381018	R03C01	WG0001327-MSA4	G05	TBI-AUTO73111-PT-2ZVT	0
PT-M59Z	5815381015	R01C01	WG0001328-MSA4	E05	PT-M59Z	0
TBI-AUTO73314-PT-2ZVU	5815381019	R05C01	WG0001328-MSA4	E01	TBI-AUTO73314-PT-2ZVU	0
TBI-AUTO73125-PT-35BP	5822062001	R06C02	WG0001326-MSA4	H12	TBI-AUTO73125-PT-35BP	0
PT-M5RI	5822038009	R03C02	WG0001338-MSA4	E09	PT-M5RI	1
SM-1Q3QN-qiaAMP	5772325089	R03C02	WG0001796-MSA4	A02	SM-1Q3QN-qiaAMP	1
PT-M5H7	5822020005	R03C02	WG0001338-MSA4	A11	PT-M5H7	1
PT-M5DD	6042324057	R04C01	WG0003259-MSA4	D01	PT-M5DD	1
PT-M59N	5822071005	R02C01	WG0001326-MSA4	F05	PT-M59N	0
PT-MA3R	5822020001	R01C02	WG0001091-MSA4	C12	PT-MA3R	1
TBI-AUTO73036-PT-2ZVX	5815381006	R06C02	WG0001327-MSA4	D02	TBI-AUTO73036-PT-2ZVX	0
TBI-AUTO73010-PT-35BT	5822038004	R05C01	WG0001338-MSA4	A03	TBI-AUTO73010-PT-35BT	1
SM-1Q3QV-qiaAMP	5772325072	R01C02	WG0001796-MSA4	C03	SM-1Q3QV-qiaAMP	1
PT-MA4A	5822020003	R03C01	WG0001091-MSA4	C10	PT-MA4A	1
TBI-AUTO72982-PT-35BU	5815381002	R03C01	WG0001328-MSA4	C07	TBI-AUTO72982-PT-35BU	0
TBI-AUTO73259-PT-312Q	5822071004	R05C01	WG0001326-MSA4	A09	TBI-AUTO73259-PT-312Q	0
TBI-AUTO73261-PT-35AJ	5822038006	R02C02	WG0001339-MSA4	D06	TBI-AUTO73261-PT-35AJ	1
TBI-AUTO73213-PT-35BV	5815381007	R06C01	WG0001340-MSA4	B06	TBI-AUTO73213-PT-35BV	1
PT-M5EH	5822038002	R01C02	WG0001338-MSA4	G07	PT-M5EH	1
TBI-AUTO73120-PT-2ZVW	5821203011	R01C02	WG0001340-MSA4	G04	TBI-AUTO73120-PT-2ZVW	1
PT-M5D1	5822054008	R01C01	WG0001339-MSA4	A07	PT-M5D1	1
TBI-AUTO73011-PT-35BQ	5822071007	R05C01	WG0001326-MSA4	E01	TBI-AUTO73011-PT-35BQ	0
TBI-AUTO73004-PT-35C3	5822071008	R05C01	WG0001326-MSA4	A03	TBI-AUTO73004-PT-35C3	0
PT-M55Y	5822038004	R04C01	WG0001338-MSA4	H02	PT-M55Y	1
PT-MA3Q	5822020009	R05C02	WG0001091-MSA4	G06	PT-MA3Q	1
TBI-AUTO73312-PT-35C2	5822020007	R04C02	WG0001091-MSA4	F03	TBI-AUTO73312-PT-35C2	1
PT-M55R	5815381030	R01C01	WG0001340-MSA4	E08	PT-M55R	1
TBI-AUTO73136-PT-2ZYI	5822062007	R02C02	WG0001329-MSA4	D03	TBI-AUTO73136-PT-2ZYI	1
TBI-AUTO73085-PT-2ZW7	5822038012	R05C02	WG0001339-MSA4	G12	TBI-AUTO73085-PT-2ZW7	1
TBI-AUTO73162-PT-35BZ	5822062011	R05C02	WG0001329-MSA4	G12	TBI-AUTO73162-PT-35BZ	1
TBI-AUTO73233-PT-2ZW8	5822062006	R05C01	WG0001329-MSA4	E10	TBI-AUTO73233-PT-2ZW8	1
PT-M5DC	5822038007	R05C01	WG0001338-MSA4	E01	PT-M5DC	1
PT-M54O	5815381019	R04C02	WG0001328-MSA4	B02	PT-M54O	0
TBI-AUTO73177-PT-2ZWA	5822062002	R01C02	WG0001326-MSA4	G07	TBI-AUTO73177-PT-2ZWA	0
TBI-AUTO73229-PT-2ZW9	5815381025	R04C02	WG0001328-MSA4	B05	TBI-AUTO73229-PT-2ZW9	0
PT-M5HB	5822038001	R06C02	WG0001339-MSA4	H09	PT-M5HB	1
TBI-AUTO73090-PT-2ZWF	5822071004	R04C01	WG0001326-MSA4	H08	TBI-AUTO73090-PT-2ZWF	0
PT-M5S5	5822038003	R01C02	WG0001339-MSA4	G10	PT-M5S5	1
PT-M59I	5822062005	R02C02	WG0001329-MSA4	H04	PT-M59I	1
TBI-AUTO73189-PT-2ZWE	5822062004	R03C01	WG0001329-MSA4	G05	TBI-AUTO73189-PT-2ZWE	1
TBI-AUTO73121-PT-2ZWD	5821203010	R02C01	WG0001340-MSA4	B01	TBI-AUTO73121-PT-2ZWD	1
PT-M59O	5822020002	R02C02	WG0001338-MSA4	D12	PT-M59O	1
TBI-AUTO73222-PT-2ZWB	5822038011	R03C01	WG0001339-MSA4	C04	TBI-AUTO73222-PT-2ZWB	1
TBI-AUTO73079-PT-2ZVZ	5822038002	R04C02	WG0001338-MSA4	B08	TBI-AUTO73079-PT-2ZVZ	1
PT-M55K	5822062008	R02C01	WG0001329-MSA4	B01	PT-M55K	1
TBI-AUTO72968-PT-35C7	5822054001	R05C02	WG0001339-MSA4	C02	TBI-AUTO72968-PT-35C7	1
PT-M5GL	5822062002	R02C02	WG0001326-MSA4	H07	PT-M5GL	0
PT-M5E9	5822062004	R05C02	WG0001329-MSA4	G06	PT-M5E9	1
TBI-AUTO73030-PT-2ZW1	5815381026	R04C01	WG0001327-MSA4	H02	TBI-AUTO73030-PT-2ZW1	0
TBI-AUTO73165-PT-2ZY7	5815381025	R05C02	WG0001328-MSA4	C05	TBI-AUTO73165-PT-2ZY7	0
TBI-AUTO73186-PT-35C6	5822054001	R05C01	WG0001339-MSA4	E01	TBI-AUTO73186-PT-35C6	1
PT-M59L	5822062009	R05C02	WG0001329-MSA4	C08	PT-M59L	1
PT-M5RD	5815381023	R05C01	WG0001327-MSA4	E10	PT-M5RD	0
PT-MA3M	5822020004	R04C02	WG0001091-MSA4	B05	PT-MA3M	1
PT-M5GQ	5822071005	R04C02	WG0001326-MSA4	F06	PT-M5GQ	0
TBI-AUTO73109-PT-2ZWI	5815381019	R02C02	WG0001328-MSA4	H01	TBI-AUTO73109-PT-2ZWI	0
TBI-AUTO73188-PT-35C8	5822062011	R04C02	WG0001329-MSA4	F12	TBI-AUTO73188-PT-35C8	1
PT-MA49	5822020006	R06C02	WG0001091-MSA4	H09	PT-MA49	1
PT-M5RN	5821203010	R02C02	WG0001340-MSA4	H01	PT-M5RN	1
TBI-AUTO73069-PT-35C5	5822038011	R05C02	WG0001339-MSA4	C05	TBI-AUTO73069-PT-35C5	1
TBI-AUTO73032-PT-2ZW3	5821203016	R01C02	WG0001340-MSA4	C03	TBI-AUTO73032-PT-2ZW3	1
TBI-AUTO72977-PT-312S	5815381018	R05C02	WG0001327-MSA4	G06	TBI-AUTO72977-PT-312S	0
PT-M5QB	5815381005	R05C01	WG0001327-MSA4	E07	PT-M5QB	0
PT-M5NU	5815381002	R03C02	WG0001328-MSA4	A08	PT-M5NU	0
TBI-AUTO73172-PT-2ZW4	5815381007	R01C01	WG0001340-MSA4	E05	TBI-AUTO73172-PT-2ZW4	1
TBI-AUTO72975-PT-2ZW5	5815381006	R02C02	WG0001327-MSA4	H01	TBI-AUTO72975-PT-2ZW5	0
PT-M5D9	5822062004	R05C01	WG0001329-MSA4	A06	PT-M5D9	1
PT-M5MN	5815381026	R06C01	WG0001327-MSA4	B03	PT-M5MN	0
PT-F6OF	5822071006	R06C01	WG0001326-MSA4	F04	PT-F6OF	0
PT-35N6	5822020008	R06C02	WG0001091-MSA4	D08	PT-35N6	1
PT-M54Q	5822062005	R04C02	WG0001329-MSA4	B05	PT-M54Q	1
PT-M54K	5815381025	R06C02	WG0001328-MSA4	D05	PT-M54K	0
PT-M5A5	5815381012	R04C01	WG0001328-MSA4	D10	PT-M5A5	0
PT-M564	5822062008	R01C01	WG0001329-MSA4	A01	PT-M564	1
TBI-AUTO72980-PT-35AP	5822062009	R02C01	WG0001329-MSA4	B07	TBI-AUTO72980-PT-35AP	1
PT-M565	5822054008	R04C02	WG0001339-MSA4	B08	PT-M565	1
PT-M5UX	5822038012	R06C01	WG0001339-MSA4	B12	PT-M5UX	1
PT-M59D	5815381025	R02C01	WG0001328-MSA4	B04	PT-M59D	0
PT-M5W4	5815381006	R02C01	WG0001327-MSA4	B01	PT-M5W4	0
PT-M5RP	5815381026	R01C02	WG0001327-MSA4	C03	PT-M5RP	0
PT-M5DY	5815381025	R03C02	WG0001328-MSA4	A05	PT-M5DY	0
PT-M5UR	5822071004	R01C01	WG0001326-MSA4	E08	PT-M5UR	0
PT-M5AN	5822062001	R01C02	WG0001326-MSA4	C12	PT-M5AN	0
PT-M5DM	5815381019	R06C02	WG0001328-MSA4	D02	PT-M5DM	0
PT-M5WW	5822062011	R02C02	WG0001329-MSA4	D12	PT-M5WW	1
PT-M5GO	5822038007	R04C02	WG0001338-MSA4	B02	PT-M5GO	1
PT-313T	5822020006	R04C01	WG0001091-MSA4	H08	PT-313T	1
PT-M5WC	5822038002	R02C01	WG0001338-MSA4	B07	PT-M5WC	1
PT-M5MT	5822062001	R05C02	WG0001326-MSA4	G12	PT-M5MT	0
PT-MA46	5822020010	R06C02	WG0001091-MSA4	D02	PT-MA46	1
PT-M5WO	5822062002	R03C02	WG0001326-MSA4	A08	PT-M5WO	0
PT-M56W	5815381027	R05C02	WG0001328-MSA4	G03	PT-M56W	0
PT-M5D4	5822062006	R03C01	WG0001329-MSA4	C10	PT-M5D4	1
TBI-AUTO72992-PT-35AQ	5815381009	R05C01	WG0001327-MSA4	E04	TBI-AUTO72992-PT-35AQ	0
PT-M5R5	5815381012	R03C02	WG0001328-MSA4	A11	PT-M5R5	0
TBI-AUTO73329-PT-35AR	5822038009	R06C01	WG0001338-MSA4	B09	TBI-AUTO73329-PT-35AR	1
PT-MA3J	5822020003	R05C01	WG0001091-MSA4	E10	PT-MA3J	1
TBI-AUTO73181-PT-35AH	5821203016	R01C01	WG0001340-MSA4	E02	TBI-AUTO73181-PT-35AH	1
TBI-AUTO73037-PT-35AI	5822071005	R06C02	WG0001326-MSA4	H06	TBI-AUTO73037-PT-35AI	0
PT-M5GM	5822038004	R01C01	WG0001338-MSA4	E02	PT-M5GM	1
PT-M5CX	5815381018	R04C02	WG0001327-MSA4	F06	PT-M5CX	0
PT-M5S6	5815381008	R06C01	WG0001328-MSA4	B09	PT-M5S6	0
TBI-AUTO73176-PT-2ZWM	5822020005	R06C02	WG0001338-MSA4	D11	TBI-AUTO73176-PT-2ZWM	1
TBI-AUTO73236-PT-2ZXW	5815381029	R01C01	WG0001328-MSA4	E11	TBI-AUTO73236-PT-2ZXW	0
SM-1Q3ST-qiaAMP	5772325089	R01C02	WG0001796-MSA4	G01	SM-1Q3ST-qiaAMP	1
PT-M5AI	5815381005	R04C01	WG0001327-MSA4	D07	PT-M5AI	0
TBI-AUTO73145-PT-2ZWJ	5815381014	R01C01	WG0001327-MSA4	E11	TBI-AUTO73145-PT-2ZWJ	0
TBI-AUTO73113-PT-2ZWS	5822038001	R05C01	WG0001339-MSA4	A09	TBI-AUTO73113-PT-2ZWS	1
PT-MA37	5822020004	R03C02	WG0001091-MSA4	A05	PT-MA37	1
TBI-AUTO73048-PT-2ZWK	5822038009	R02C02	WG0001338-MSA4	D09	TBI-AUTO73048-PT-2ZWK	1
TBI-AUTO73099-PT-2ZWN	5822071006	R03C01	WG0001326-MSA4	C04	TBI-AUTO73099-PT-2ZWN	0
TBI-AUTO73219-PT-2ZWQ	5822062005	R06C02	WG0001329-MSA4	D05	TBI-AUTO73219-PT-2ZWQ	1
PT-MA3U	5822020004	R06C02	WG0001091-MSA4	D05	PT-MA3U	1
TBI-AUTO73235-PT-2ZWP	5822038003	R05C02	WG0001339-MSA4	C11	TBI-AUTO73235-PT-2ZWP	1
TBI-AUTO73105-PT-2ZWL	5822020002	R03C02	WG0001338-MSA4	E12	TBI-AUTO73105-PT-2ZWL	1
TBI-AUTO73071-PT-317Y	5815381018	R06C01	WG0001327-MSA4	B06	TBI-AUTO73071-PT-317Y	0
PT-M5S7	5822054001	R02C02	WG0001339-MSA4	H01	PT-M5S7	1
PT-M5RV	5815381012	R02C01	WG0001328-MSA4	B10	PT-M5RV	0
PT-M5MP	5815381005	R05C02	WG0001327-MSA4	C08	PT-M5MP	0
PT-M59C	5815381008	R02C02	WG0001328-MSA4	D09	PT-M59C	0
TBI-AUTO73190-PT-2ZYG	5822071005	R01C02	WG0001326-MSA4	C06	TBI-AUTO73190-PT-2ZYG	0
PT-M5VT	5822071001	R04C01	WG0001326-MSA4	D10	PT-M5VT	0
PT-M5GG	5822038005	R06C02	WG0001338-MSA4	D05	PT-M5GG	1
PT-M5E6	5822038005	R01C01	WG0001338-MSA4	A04	PT-M5E6	1
TBI-AUTO73095-PT-35AW	5822020005	R04C02	WG0001338-MSA4	B11	TBI-AUTO73095-PT-35AW	1
PT-M5DO	5822071008	R05C02	WG0001326-MSA4	G03	PT-M5DO	0
PT-M56L	5815381002	R01C01	WG0001328-MSA4	A07	PT-M56L	0
PT-M56B	5821203011	R04C02	WG0001340-MSA4	B05	PT-M56B	1
PT-35PA	5822020006	R02C02	WG0001091-MSA4	D09	PT-35PA	1
TBI-AUTO72964-PT-2ZYF	5815381008	R02C01	WG0001328-MSA4	F08	TBI-AUTO72964-PT-2ZYF	0
TBI-AUTO72994-PT-35AX	5822054008	R05C02	WG0001339-MSA4	C08	TBI-AUTO72994-PT-35AX	1
PT-M5RG	5815381017	R01C01	WG0001327-MSA4	E08	PT-M5RG	0
PT-MA36	5822020003	R04C01	WG0001091-MSA4	D10	PT-MA36	1
PT-M5CY	5821203016	R04C01	WG0001340-MSA4	H02	PT-M5CY	1
PT-MA3V	5822020008	R01C02	WG0001091-MSA4	G07	PT-MA3V	1
TBI-AUTO72996-PT-35B1	5822062001	R04C02	WG0001326-MSA4	F12	TBI-AUTO72996-PT-35B1	0
PT-M5GE	5822038004	R02C02	WG0001338-MSA4	D03	PT-M5GE	1
PT-M5DP	5815381009	R06C01	WG0001327-MSA4	F04	PT-M5DP	0
TBI-AUTO73017-PT-2ZYH	5822020005	R05C02	WG0001338-MSA4	C11	TBI-AUTO73017-PT-2ZYH	1
PT-M5N4	5822038005	R05C02	WG0001338-MSA4	C05	PT-M5N4	1
PT-M55H	5822062009	R06C01	WG0001329-MSA4	F07	PT-M55H	1
PT-M5CU	5822038002	R06C02	WG0001338-MSA4	D08	PT-M5CU	1
PT-M55P	5822038009	R02C01	WG0001338-MSA4	F08	PT-M55P	1
PT-M557	5815381005	R01C02	WG0001327-MSA4	G07	PT-M557	0
PT-M5CT	5815381014	R06C02	WG0001327-MSA4	H12	PT-M5CT	0
PT-M5A4	5815381028	R02C02	WG0001340-MSA4	H07	PT-M5A4	1
PT-M5CV	6042324057	R01C01	WG0003259-MSA4	A01	PT-M5CV	1
PT-MA45	5822020001	R05C02	WG0001091-MSA4	G12	PT-MA45	1
PT-M55T	5815381008	R05C02	WG0001328-MSA4	G09	PT-M55T	0
TBI-AUTO73033-PT-35AU	5822038001	R02C01	WG0001339-MSA4	F08	TBI-AUTO73033-PT-35AU	1
TBI-AUTO73117-PT-35AS	5822020002	R05C01	WG0001338-MSA4	A12	TBI-AUTO73117-PT-35AS	1
PT-M5WM	5815381018	R03C02	WG0001327-MSA4	E06	PT-M5WM	0
PT-M56F	5822071004	R03C01	WG0001326-MSA4	G08	PT-M56F	0
PT-M5A3	5822062011	R01C01	WG0001329-MSA4	E11	PT-M5A3	1
TBI-AUTO73317-PT-35AV	5822062001	R06C01	WG0001326-MSA4	B12	TBI-AUTO73317-PT-35AV	0
PT-M54Z	5815381017	R03C01	WG0001327-MSA4	G08	PT-M54Z	0
PT-M5H8	5822062012	R01C02	WG0001329-MSA4	C09	PT-M5H8	1
PT-M5GT	5822062004	R01C01	WG0001329-MSA4	E05	PT-M5GT	1
TBI-AUTO73251-PT-312W	5822038006	R06C01	WG0001339-MSA4	B06	TBI-AUTO73251-PT-312W	1
PT-M5HA	5815381019	R03C02	WG0001328-MSA4	A02	PT-M5HA	0
TBI-AUTO73068-PT-2ZYC	5822062004	R04C01	WG0001329-MSA4	H05	TBI-AUTO73068-PT-2ZYC	1
PT-M5QI	5822071001	R01C01	WG0001326-MSA4	A10	PT-M5QI	0
PT-M5HI	5821203010	R04C02	WG0001340-MSA4	B02	PT-M5HI	1
PT-M5AE	5815381007	R05C02	WG0001340-MSA4	G06	PT-M5AE	1
TBI-AUTO73161-PT-312V	5815381027	R04C01	WG0001328-MSA4	H02	TBI-AUTO73161-PT-312V	0
PT-M5V8	5822071004	R04C02	WG0001326-MSA4	F09	PT-M5V8	0
TBI-AUTO73282-PT-312U	5815381018	R04C01	WG0001327-MSA4	H05	TBI-AUTO73282-PT-312U	0
PT-M56P	5815381018	R01C01	WG0001327-MSA4	E05	PT-M56P	0
TBI-AUTO73016-PT-312T	5815381028	R04C01	WG0001340-MSA4	D07	TBI-AUTO73016-PT-312T	1
PT-M5W5	5822054001	R02C01	WG0001339-MSA4	B01	PT-M5W5	1
TBI-AUTO73114-PT-2ZXX	5822062001	R02C01	WG0001326-MSA4	F11	TBI-AUTO73114-PT-2ZXX	0
PT-M54U	5815381028	R03C01	WG0001340-MSA4	C07	PT-M54U	1
PT-M5V7	5822038007	R04C01	WG0001338-MSA4	D01	PT-M5V7	1
PT-M5A9	5815381017	R04C02	WG0001327-MSA4	F09	PT-M5A9	0
TBI-AUTO73311-PT-2ZYB	5815381012	R05C02	WG0001328-MSA4	C11	TBI-AUTO73311-PT-2ZYB	0
PT-M55Z	5822038001	R03C02	WG0001339-MSA4	E09	PT-M55Z	1
PT-MA3P	5822020003	R06C01	WG0001091-MSA4	F10	PT-MA3P	1
TBI-AUTO73107-PT-2ZY6	5822020002	R03C01	WG0001338-MSA4	G11	TBI-AUTO73107-PT-2ZY6	1
PT-M5W6	5822071001	R02C02	WG0001326-MSA4	H10	PT-M5W6	0
PT-M5HJ	5822054008	R03C02	WG0001339-MSA4	A08	PT-M5HJ	1
PT-M5AH	5822062007	R01C02	WG0001329-MSA4	C03	PT-M5AH	1
PT-M5AG	5822062002	R01C01	WG0001326-MSA4	A07	PT-M5AG	0
PT-M5RA	5822071006	R06C02	WG0001326-MSA4	D05	PT-M5RA	0
PT-MA3D	5822020009	R03C02	WG0001091-MSA4	E06	PT-MA3D	1
TBI-AUTO73153-PT-35AO	5821203010	R04C01	WG0001340-MSA4	D01	TBI-AUTO73153-PT-35AO	1
PT-MA3H	5822020009	R01C02	WG0001091-MSA4	C06	PT-MA3H	1
PT-MA44	5822020001	R06C02	WG0001091-MSA4	H12	PT-MA44	1
PT-M5WB	5822038007	R02C02	WG0001338-MSA4	H01	PT-M5WB	1
PT-3142	5822020004	R01C01	WG0001091-MSA4	A04	PT-3142	1
PT-M599	5815381027	R01C01	WG0001328-MSA4	E02	PT-M599	0
PT-M5GH	5821203011	R05C01	WG0001340-MSA4	E04	PT-M5GH	1
PT-F6OG	5815381009	R03C02	WG0001327-MSA4	A05	PT-F6OG	0
PT-M5AF	5821203011	R03C01	WG0001340-MSA4	C04	PT-M5AF	1
PT-M5WP	5815381026	R01C01	WG0001327-MSA4	E02	PT-M5WP	0
PT-M5WT	5815381006	R04C01	WG0001327-MSA4	D01	PT-M5WT	0
TBI-AUTO73316-PT-35CD	5822038007	R03C01	WG0001338-MSA4	C01	TBI-AUTO73316-PT-35CD	1
PT-M5VO	5822038005	R04C01	WG0001338-MSA4	D04	PT-M5VO	1
PT-M55L	5822020002	R02C01	WG0001338-MSA4	F11	PT-M55L	1
TBI-AUTO72973-PT-35CB	5815381025	R06C01	WG0001328-MSA4	F04	TBI-AUTO72973-PT-35CB	0
PT-MA3S	5822020007	R05C02	WG0001091-MSA4	G03	PT-MA3S	1
TBI-AUTO73205-PT-2ZWT	5822062006	R04C01	WG0001329-MSA4	D10	TBI-AUTO73205-PT-2ZWT	1
PT-M5AA	5815381015	R04C01	WG0001328-MSA4	H05	PT-M5AA	0
TBI-AUTO73206-PT-35CG	5822038012	R02C02	WG0001339-MSA4	D12	TBI-AUTO73206-PT-35CG	1
TBI-AUTO73067-PT-312N	5822071007	R03C02	WG0001326-MSA4	A02	TBI-AUTO73067-PT-312N	0
TBI-AUTO73124-PT-35CP	5822020005	R01C02	WG0001338-MSA4	G10	TBI-AUTO73124-PT-35CP	1
TBI-AUTO73002-PT-35CC	5822054008	R01C02	WG0001339-MSA4	G07	TBI-AUTO73002-PT-35CC	1
PT-M5GJ	5822038011	R01C01	WG0001339-MSA4	A04	PT-M5GJ	1
PT-M54W	5815381014	R02C02	WG0001327-MSA4	D12	PT-M54W	0
PT-M594	5815381023	R06C02	WG0001327-MSA4	D11	PT-M594	0
TBI-AUTO73274-PT-35CL	5815381005	R06C01	WG0001327-MSA4	F07	TBI-AUTO73274-PT-35CL	0
TBI-AUTO73267-PT-35CJ	5822020009	R02C01	WG0001091-MSA4	F05	TBI-AUTO73267-PT-35CJ	1
TBI-AUTO72995-PT-35CI	5822054001	R04C01	WG0001339-MSA4	D01	TBI-AUTO72995-PT-35CI	1
TBI-AUTO73182-PT-35CK	5815381026	R03C02	WG0001327-MSA4	E03	TBI-AUTO73182-PT-35CK	0
PT-MA3A	5822020003	R01C01	WG0001091-MSA4	A10	PT-MA3A	1
PT-M5AB	5822062002	R04C02	WG0001326-MSA4	B08	PT-M5AB	0
PT-M56Q	5815381030	R01C02	WG0001340-MSA4	C09	PT-M56Q	1
TBI-AUTO73148-PT-35CM	5815381018	R06C02	WG0001327-MSA4	H06	TBI-AUTO73148-PT-35CM	0
TBI-AUTO73245-PT-35CN	5822071005	R06C01	WG0001326-MSA4	B06	TBI-AUTO73245-PT-35CN	0
PT-M56Z	5822062004	R02C02	WG0001329-MSA4	D06	PT-M56Z	1
TBI-AUTO73143-PT-35CH	5815381018	R01C02	WG0001327-MSA4	C06	TBI-AUTO73143-PT-35CH	0
PT-M5H5	5822054008	R02C01	WG0001339-MSA4	B07	PT-M5H5	1
PT-MA3L	5822020009	R04C02	WG0001091-MSA4	F06	PT-MA3L	1
TBI-AUTO73103-PT-35CF	5815381009	R01C01	WG0001327-MSA4	A04	TBI-AUTO73103-PT-35CF	0
TBI-AUTO72970-PT-35CE	5815381026	R02C01	WG0001327-MSA4	F02	TBI-AUTO72970-PT-35CE	0
TBI-AUTO73185-PT-35CO	5822038009	R03C01	WG0001338-MSA4	G08	TBI-AUTO73185-PT-35CO	1
PT-M56E	5815381007	R04C02	WG0001340-MSA4	F06	PT-M56E	1
PT-M5DN	5815381008	R05C01	WG0001328-MSA4	A09	PT-M5DN	0
PT-M5GF	5815381030	R06C02	WG0001340-MSA4	H09	PT-M5GF	1
PT-M5DL	5822071008	R01C02	WG0001326-MSA4	C03	PT-M5DL	0
PT-M5E5	5822038003	R06C01	WG0001339-MSA4	F10	PT-M5E5	1
TBI-AUTO73006-PT-312L	5815381017	R06C02	WG0001327-MSA4	H09	TBI-AUTO73006-PT-312L	0
TBI-AUTO73115-PT-312M	5822071008	R04C01	WG0001326-MSA4	H02	TBI-AUTO73115-PT-312M	0
PT-M5HE	5822071006	R02C01	WG0001326-MSA4	B04	PT-M5HE	0
PT-M5Q5	5815381027	R06C02	WG0001328-MSA4	H03	PT-M5Q5	0
PT-MA3Y	5822020007	R06C02	WG0001091-MSA4	H03	PT-MA3Y	1
TBI-AUTO72958-PT-2ZWU	5822062011	R06C02	WG0001329-MSA4	H12	TBI-AUTO72958-PT-2ZWU	1
TBI-AUTO73031-PT-35CQ	5822038006	R02C01	WG0001339-MSA4	F05	TBI-AUTO73031-PT-35CQ	1
TBI-AUTO73119-PT-35CY	5822062007	R03C02	WG0001329-MSA4	E03	TBI-AUTO73119-PT-35CY	1
TBI-AUTO73175-PT-312F	5822071005	R01C01	WG0001326-MSA4	E05	TBI-AUTO73175-PT-312F	0
TBI-AUTO73138-PT-2ZXS	5822071004	R05C02	WG0001326-MSA4	G09	TBI-AUTO73138-PT-2ZXS	0
PT-MA4C	5822020008	R02C02	WG0001091-MSA4	H07	PT-MA4C	1
PT-M5VH	5822062012	R04C02	WG0001329-MSA4	F09	PT-M5VH	1
PT-M59H	5822062012	R03C02	WG0001329-MSA4	E09	PT-M59H	1
PT-M5A8	5822062012	R06C02	WG0001329-MSA4	H09	PT-M5A8	1
PT-M5MB	5822054002	R05C01	WG0001339-MSA4	A03	PT-M5MB	1
TBI-AUTO73170-PT-2ZXR	5821203011	R02C01	WG0001340-MSA4	B04	TBI-AUTO73170-PT-2ZXR	1
TBI-AUTO73319-PT-35CU	5822038011	R04C01	WG0001339-MSA4	D04	TBI-AUTO73319-PT-35CU	1
PT-MA39	5822020001	R01C01	WG0001091-MSA4	E11	PT-MA39	1
PT-M5GR	5822062006	R02C01	WG0001329-MSA4	B10	PT-M5GR	1
TBI-AUTO73223-PT-2ZXN	5822038002	R06C01	WG0001338-MSA4	F07	TBI-AUTO73223-PT-2ZXN	1
TBI-AUTO73204-PT-35CT	5815381014	R05C02	WG0001327-MSA4	G12	TBI-AUTO73204-PT-35CT	0
TBI-AUTO73201-PT-2ZXL	5822062012	R03C01	WG0001329-MSA4	G08	TBI-AUTO73201-PT-2ZXL	1
TBI-AUTO73131-PT-2ZY9	5815381015	R01C02	WG0001328-MSA4	C06	TBI-AUTO73131-PT-2ZY9	0
PT-M5QG	5815381005	R06C02	WG0001327-MSA4	D08	PT-M5QG	0
PT-MA3B	5822020007	R06C01	WG0001091-MSA4	B03	PT-MA3B	1
PT-M5AC	5815381015	R06C01	WG0001328-MSA4	B06	PT-M5AC	0
PT-M5QD	5815381005	R03C01	WG0001327-MSA4	C07	PT-M5QD	0
PT-M593	5815381015	R05C01	WG0001328-MSA4	A06	PT-M593	0
PT-M5QV	5822062004	R01C02	WG0001329-MSA4	C06	PT-M5QV	1
PT-MA4B	6042324057	R03C02	WG0003259-MSA4	A02	PT-MA4B	1
PT-M5GI	5822062012	R02C01	WG0001329-MSA4	F08	PT-M5GI	1
TBI-AUTO73078-PT-35AM	5822054001	R01C02	WG0001339-MSA4	G01	TBI-AUTO73078-PT-35AM	1
PT-MA47	5822020009	R06C02	WG0001091-MSA4	H06	PT-MA47	1
TBI-AUTO73302-PT-2ZX2	5815381017	R01C02	WG0001327-MSA4	C09	TBI-AUTO73302-PT-2ZX2	0
TBI-AUTO73088-PT-2ZX7	5822062008	R01C02	WG0001329-MSA4	G01	TBI-AUTO73088-PT-2ZX7	1
TBI-AUTO73134-PT-35CV	5822071008	R03C02	WG0001326-MSA4	E03	TBI-AUTO73134-PT-35CV	0
TBI-AUTO73214-PT-2ZWV	5822062007	R03C01	WG0001329-MSA4	G02	TBI-AUTO73214-PT-2ZWV	1
PT-MA3N	5822020008	R06C01	WG0001091-MSA4	F07	PT-MA3N	1
PT-M5QO	5815381018	R02C02	WG0001327-MSA4	D06	PT-M5QO	0
TBI-AUTO73173-PT-35CX	5822062008	R04C01	WG0001329-MSA4	D01	TBI-AUTO73173-PT-35CX	1
TBI-AUTO73193-PT-2ZWW	5822062004	R02C01	WG0001329-MSA4	F05	TBI-AUTO73193-PT-2ZWW	1
TBI-AUTO73044-PT-312R	5815381028	R04C02	WG0001340-MSA4	B08	TBI-AUTO73044-PT-312R	1
PT-MA3W	5822020006	R03C01	WG0001091-MSA4	G08	PT-MA3W	1
TBI-AUTO73200-PT-2ZWX	5815381015	R05C02	WG0001328-MSA4	G06	TBI-AUTO73200-PT-2ZWX	0
PT-M5A7	5822038009	R06C02	WG0001338-MSA4	H09	PT-M5A7	1
PT-M5QH	5815381017	R02C02	WG0001327-MSA4	D09	PT-M5QH	0
PT-MA42	5822020001	R02C02	WG0001091-MSA4	D12	PT-MA42	1
TBI-AUTO73221-PT-2ZXJ	5822020002	R01C01	WG0001338-MSA4	E11	TBI-AUTO73221-PT-2ZXJ	1
PT-M5WA	5822062009	R01C02	WG0001329-MSA4	G07	PT-M5WA	1
PT-M5AS	5815381009	R03C01	WG0001327-MSA4	C04	PT-M5AS	0
TBI-AUTO73252-PT-2ZX8	5822071001	R05C01	WG0001326-MSA4	E10	TBI-AUTO73252-PT-2ZX8	0
TBI-AUTO73118-PT-2ZX9	5822071006	R04C01	WG0001326-MSA4	D04	TBI-AUTO73118-PT-2ZX9	0
PT-M5GU	5815381006	R03C01	WG0001327-MSA4	C01	PT-M5GU	0
PT-M5QC	5815381007	R02C02	WG0001340-MSA4	D06	PT-M5QC	1
TBI-AUTO73256-PT-2ZX4	5822038006	R01C01	WG0001339-MSA4	E05	TBI-AUTO73256-PT-2ZX4	1
TBI-AUTO73075-PT-312D	5822038001	R01C01	WG0001339-MSA4	E08	TBI-AUTO73075-PT-312D	1
TBI-AUTO73209-PT-2ZX5	5822054001	R06C02	WG0001339-MSA4	D02	TBI-AUTO73209-PT-2ZX5	1
PT-M5NL	5822071005	R03C01	WG0001326-MSA4	G05	PT-M5NL	0
TBI-AUTO73218-PT-2ZYD	5822054001	R03C02	WG0001339-MSA4	A02	TBI-AUTO73218-PT-2ZYD	1
TBI-AUTO73064-PT-35CW	5815381028	R01C02	WG0001340-MSA4	G07	TBI-AUTO73064-PT-35CW	1
PT-M56N	5815381015	R02C01	WG0001328-MSA4	F05	PT-M56N	0
TBI-AUTO72976-PT-2ZWY	5822062004	R06C02	WG0001329-MSA4	H06	TBI-AUTO72976-PT-2ZWY	1
PT-M5MS	5822038002	R02C02	WG0001338-MSA4	H07	PT-M5MS	1
TBI-AUTO73151-PT-2ZY5	5822038001	R04C02	WG0001339-MSA4	F09	TBI-AUTO73151-PT-2ZY5	1
TBI-AUTO73156-PT-2ZX1	5815381019	R03C01	WG0001328-MSA4	C01	TBI-AUTO73156-PT-2ZX1	0
PT-M5NI	5822062007	R06C01	WG0001329-MSA4	B03	PT-M5NI	1
PT-M5VR	5822071001	R06C01	WG0001326-MSA4	F10	PT-M5VR	0
PT-M5ND	5822038003	R03C01	WG0001339-MSA4	C10	PT-M5ND	1
TBI-AUTO73000-PT-2ZX6	5815381019	R01C01	WG0001328-MSA4	A01	TBI-AUTO73000-PT-2ZX6	0
TBI-AUTO73087-PT-2ZXK	5821203016	R02C02	WG0001340-MSA4	D03	TBI-AUTO73087-PT-2ZXK	1
TBI-AUTO73146-PT-2ZY4	5822054002	R04C02	WG0001339-MSA4	F03	TBI-AUTO73146-PT-2ZY4	1
PT-M56M	5815381009	R04C01	WG0001327-MSA4	D04	PT-M56M	0
TBI-AUTO73149-PT-2ZXQ	5815381025	R01C02	WG0001328-MSA4	G04	TBI-AUTO73149-PT-2ZXQ	0
PT-M5D8	5815381030	R05C02	WG0001340-MSA4	G09	PT-M5D8	1
TBI-AUTO73184-PT-2ZWZ	5822038011	R06C01	WG0001339-MSA4	F04	TBI-AUTO73184-PT-2ZWZ	1
TBI-AUTO73116-PT-2ZX3	5822071006	R01C01	WG0001326-MSA4	A04	TBI-AUTO73116-PT-2ZX3	0
PT-M5AD	5822062005	R03C01	WG0001329-MSA4	C04	PT-M5AD	1
PT-M5NM	5822062006	R01C01	WG0001329-MSA4	A10	PT-M5NM	1
PT-M5E4	5822062005	R04C01	WG0001329-MSA4	D04	PT-M5E4	1
PT-MA3F	5822020004	R02C01	WG0001091-MSA4	B04	PT-MA3F	1
PT-M59P	5822062012	R05C01	WG0001329-MSA4	A09	PT-M59P	1
PT-M56J	5822062001	R03C02	WG0001326-MSA4	E12	PT-M56J	0
TBI-AUTO73028-PT-35AK	5822020002	R04C01	WG0001338-MSA4	H11	TBI-AUTO73028-PT-35AK	1
PT-M5A6	5822071007	R05C02	WG0001326-MSA4	C02	PT-M5A6	0
PT-M5GK	5822038012	R03C01	WG0001339-MSA4	G11	PT-M5GK	1
TBI-AUTO73183-PT-312H	5815381019	R04C01	WG0001328-MSA4	D01	TBI-AUTO73183-PT-312H	0
TBI-AUTO72988-PT-2ZXO	5815381008	R04C02	WG0001328-MSA4	F09	TBI-AUTO72988-PT-2ZXO	0
PT-MA3Z	5822020009	R01C01	WG0001091-MSA4	E05	PT-MA3Z	1
TBI-AUTO73147-PT-2ZXA	5822062007	R04C02	WG0001329-MSA4	F03	TBI-AUTO73147-PT-2ZXA	1
TBI-AUTO73280-PT-312I	5822071008	R04C02	WG0001326-MSA4	F03	TBI-AUTO73280-PT-312I	0
TBI-AUTO72991-PT-35D4	5822054002	R04C01	WG0001339-MSA4	H02	TBI-AUTO72991-PT-35D4	1
PT-M5M5	5822038012	R06C02	WG0001339-MSA4	H12	PT-M5M5	1
PT-M5QF	5822054002	R02C01	WG0001339-MSA4	F02	PT-M5QF	1
TBI-AUTO73003-PT-2ZYA	5822062001	R02C02	WG0001326-MSA4	D12	TBI-AUTO73003-PT-2ZYA	0
PT-M5M7	5815381025	R04C01	WG0001328-MSA4	D04	PT-M5M7	0
PT-M5VK	5822062008	R04C02	WG0001329-MSA4	B02	PT-M5VK	1
PT-M5RL	5815381012	R06C01	WG0001328-MSA4	F10	PT-M5RL	0
TBI-AUTO73026-PT-2ZXY	5822062011	R05C01	WG0001329-MSA4	A12	TBI-AUTO73026-PT-2ZXY	1
PT-M5QA	5815381008	R04C01	WG0001328-MSA4	H08	PT-M5QA	0
TBI-AUTO73027-PT-2ZXC	5822038001	R01C02	WG0001339-MSA4	C09	TBI-AUTO73027-PT-2ZXC	1
PT-M5G7	5822062001	R01C01	WG0001326-MSA4	E11	PT-M5G7	0
TBI-AUTO73130-PT-2ZY8	5822020010	R02C01	WG0001091-MSA4	B01	TBI-AUTO73130-PT-2ZY8	1
PT-M5GS	5815381027	R01C02	WG0001328-MSA4	C03	PT-M5GS	0
PT-M5WR	5822020005	R01C01	WG0001338-MSA4	A10	PT-M5WR	1
SM-1Q3QQ-pureGeneWOH	5772325089	R02C01	WG0001796-MSA4	B01	SM-1Q3QQ-pureGeneWOH	1
TBI-AUTO73041-PT-312C	5815381030	R06C01	WG0001340-MSA4	B09	TBI-AUTO73041-PT-312C	1
PT-M5DX	5815381017	R02C01	WG0001327-MSA4	F08	PT-M5DX	0
TBI-AUTO73128-PT-2ZXU	5822071001	R03C02	WG0001326-MSA4	A11	TBI-AUTO73128-PT-2ZXU	0
PT-MA3X	5822020003	R01C02	WG0001091-MSA4	G10	PT-MA3X	1
TBI-AUTO73246-PT-2ZXG	5821203011	R02C02	WG0001340-MSA4	H04	TBI-AUTO73246-PT-2ZXG	1
TBI-AUTO73322-PT-2ZYE	5822054008	R04C01	WG0001339-MSA4	D07	TBI-AUTO73322-PT-2ZYE	1
TBI-AUTO73157-PT-2ZXF	5815381027	R04C02	WG0001328-MSA4	F03	TBI-AUTO73157-PT-2ZXF	0
PT-M5G8	5822071005	R02C02	WG0001326-MSA4	D06	PT-M5G8	0
TBI-AUTO73046-PT-2ZXB	5821203010	R06C02	WG0001340-MSA4	D02	TBI-AUTO73046-PT-2ZXB	1
PT-M5W9	5815381026	R05C01	WG0001327-MSA4	A03	PT-M5W9	0
PT-M5N5	5815381023	R04C02	WG0001327-MSA4	B11	PT-M5N5	0
TBI-AUTO73179-PT-2ZXI	5821203016	R06C02	WG0001340-MSA4	H03	TBI-AUTO73179-PT-2ZXI	1
TBI-AUTO73108-PT-312J	5822038007	R02C01	WG0001338-MSA4	B01	TBI-AUTO73108-PT-312J	1
PT-M5WQ	5815381014	R03C02	WG0001327-MSA4	E12	PT-M5WQ	0
TBI-AUTO73281-PT-35D3	5822038011	R03C02	WG0001339-MSA4	A05	TBI-AUTO73281-PT-35D3	1
TBI-AUTO73094-PT-35AF	5822054008	R02C02	WG0001339-MSA4	H07	TBI-AUTO73094-PT-35AF	1
TBI-AUTO73101-PT-2ZYJ	5815381006	R01C01	WG0001327-MSA4	A01	TBI-AUTO73101-PT-2ZYJ	0
PT-M5WK	5822062012	R06C01	WG0001329-MSA4	B09	PT-M5WK	1
PT-MA3I	5822020006	R01C02	WG0001091-MSA4	C09	PT-MA3I	1
PT-M5D2	5822062007	R02C01	WG0001329-MSA4	F02	PT-M5D2	1
PT-MA3E	5822020008	R05C01	WG0001091-MSA4	E07	PT-MA3E	1
PT-MA3C	5822020003	R04C02	WG0001091-MSA4	B11	PT-MA3C	1
PT-M55F	5815381009	R05C02	WG0001327-MSA4	C05	PT-M55F	0
TBI-AUTO73208-PT-2ZXV	5822071004	R01C02	WG0001326-MSA4	C09	TBI-AUTO73208-PT-2ZXV	0
PT-MA43	5822020009	R04C01	WG0001091-MSA4	H05	PT-MA43	1
PT-M5WU	5815381030	R02C01	WG0001340-MSA4	F08	PT-M5WU	1
PT-M5DB	5822062011	R06C01	WG0001329-MSA4	B12	PT-M5DB	1
PT-M5H4	5815381028	R03C02	WG0001340-MSA4	A08	PT-M5H4	1
PT-M5UW	5822062008	R03C02	WG0001329-MSA4	A02	PT-M5UW	1
PT-MA3K	5822020008	R05C02	WG0001091-MSA4	C08	PT-MA3K	1
PT-M5DW	5815381023	R01C01	WG0001327-MSA4	A10	PT-M5DW	0
TBI-AUTO73202-PT-312B	5822054002	R06C02	WG0001339-MSA4	H03	TBI-AUTO73202-PT-312B	1
PT-M5GN	5822038003	R05C01	WG0001339-MSA4	E10	PT-M5GN	1
PT-M5R4	5822071001	R06C02	WG0001326-MSA4	D11	PT-M5R4	0
TBI-AUTO73270-PT-312E	5815381007	R03C02	WG0001340-MSA4	E06	TBI-AUTO73270-PT-312E	1
PT-M5UP	5822062002	R05C01	WG0001326-MSA4	E07	PT-M5UP	0
PT-M5QQ	5822071001	R04C02	WG0001326-MSA4	B11	PT-M5QQ	0
PT-MA38	5822020009	R05C01	WG0001091-MSA4	A06	PT-MA38	1
PT-M5AR	5821203016	R05C01	WG0001340-MSA4	A03	PT-M5AR	1
PT-M55W	5822038001	R02C02	WG0001339-MSA4	D09	PT-M55W	1
PT-M5QS	5815381014	R05C01	WG0001327-MSA4	A12	PT-M5QS	0
PT-M5HG	5821203010	R03C02	WG0001340-MSA4	A02	PT-M5HG	1
PT-35PM	5822020007	R05C01	WG0001091-MSA4	A03	PT-35PM	1
TBI-AUTO73072-PT-35BK	5822038004	R02C01	WG0001338-MSA4	F02	TBI-AUTO73072-PT-35BK	1
TBI-AUTO73174-PT-3192	5822020005	R04C01	WG0001338-MSA4	D10	TBI-AUTO73174-PT-3192	1
TBI-AUTO73171-PT-35NM	5822020008	R04C01	WG0001091-MSA4	D07	TBI-AUTO73171-PT-35NM	1
TBI-AUTO73285-PT-314C	5815381015	R04C02	WG0001328-MSA4	F06	TBI-AUTO73285-PT-314C	0
TBI-AUTO73296-PT-35OI	5822038004	R06C01	WG0001338-MSA4	B03	TBI-AUTO73296-PT-35OI	1
TBI-AUTO73140-PT-317V	5822038003	R01C01	WG0001339-MSA4	A10	TBI-AUTO73140-PT-317V	1
TBI-AUTO73324-PT-317X	5822038008	R02C01	WG0001338-MSA4	F05	TBI-AUTO73324-PT-317X	1
SM-1Q3QS-pureGeneWOH	5772325089	R03C01	WG0001796-MSA4	C01	SM-1Q3QS-pureGeneWOH	1
TBI-AUTO73326-PT-35NN	5822038011	R02C01	WG0001339-MSA4	B04	TBI-AUTO73326-PT-35NN	1
TBI-AUTO73248-PT-3191	5821203010	R01C02	WG0001340-MSA4	G01	TBI-AUTO73248-PT-3191	1
PT-M5QK	5815381012	R03C01	WG0001328-MSA4	C10	PT-M5QK	0
TBI-AUTO73073-PT-35NO	5822038007	R05C02	WG0001338-MSA4	C02	TBI-AUTO73073-PT-35NO	1
TBI-AUTO73047-PT-35NP	5822038002	R01C01	WG0001338-MSA4	A07	TBI-AUTO73047-PT-35NP	1
TBI-AUTO73025-PT-319J	5815381009	R02C01	WG0001327-MSA4	B04	TBI-AUTO73025-PT-319J	0
PT-M56K	5822062009	R03C01	WG0001329-MSA4	C07	PT-M56K	1
TBI-AUTO73008-PT-35NQ	5815381029	R03C02	WG0001328-MSA4	E12	TBI-AUTO73008-PT-35NQ	0
SM-1Q3QR-pureGeneWOH	5772325072	R06C01	WG0001796-MSA4	B03	SM-1Q3QR-pureGeneWOH	1
TBI-AUTO73277-PT-35B3	5822062012	R02C02	WG0001329-MSA4	D09	TBI-AUTO73277-PT-35B3	1
TBI-AUTO73300-PT-317T	5815381002	R04C01	WG0001328-MSA4	D07	TBI-AUTO73300-PT-317T	0
TBI-AUTO73056-PT-319H	5822020002	R01C02	WG0001338-MSA4	C12	TBI-AUTO73056-PT-319H	1
TBI-AUTO73294-PT-35NS	5822071007	R01C02	WG0001326-MSA4	G01	TBI-AUTO73294-PT-35NS	0
TBI-AUTO73042-PT-35BA	5815381005	R01C01	WG0001327-MSA4	A07	TBI-AUTO73042-PT-35BA	0
TBI-AUTO73323-PT-35NT	5822071006	R01C02	WG0001326-MSA4	G04	TBI-AUTO73323-PT-35NT	0
TBI-AUTO72962-PT-318K	5822038006	R01C02	WG0001339-MSA4	C06	TBI-AUTO72962-PT-318K	1
TBI-AUTO73049-PT-318R	5815381029	R01C02	WG0001328-MSA4	C12	TBI-AUTO73049-PT-318R	0
TBI-AUTO72965-PT-318P	5815381002	R05C02	WG0001328-MSA4	C08	TBI-AUTO72965-PT-318P	0
TBI-AUTO73195-PT-319K	5822038006	R05C02	WG0001339-MSA4	G06	TBI-AUTO73195-PT-319K	1
TBI-AUTO73290-PT-35OJ	5822062005	R05C01	WG0001329-MSA4	E04	TBI-AUTO73290-PT-35OJ	1
TBI-AUTO73054-PT-35BB	5822038004	R03C02	WG0001338-MSA4	E03	TBI-AUTO73054-PT-35BB	1
TBI-AUTO72993-PT-314X	5822062012	R05C02	WG0001329-MSA4	G09	TBI-AUTO72993-PT-314X	1
TBI-AUTO72952-PT-318L	5815381005	R03C02	WG0001327-MSA4	A08	TBI-AUTO72952-PT-318L	0
TBI-AUTO73074-PT-35NU	5822071005	R04C01	WG0001326-MSA4	H05	TBI-AUTO73074-PT-35NU	0
TBI-AUTO72983-PT-35NV	5822071006	R02C02	WG0001326-MSA4	H04	TBI-AUTO72983-PT-35NV	0
TBI-AUTO73133-PT-314Y	5821203010	R05C02	WG0001340-MSA4	C02	TBI-AUTO73133-PT-314Y	1
TBI-AUTO73045-PT-318J	5815381018	R05C01	WG0001327-MSA4	A06	TBI-AUTO73045-PT-318J	0
TBI-AUTO73059-PT-318S	5822020009	R02C02	WG0001091-MSA4	D06	TBI-AUTO73059-PT-318S	1
TBI-AUTO73063-PT-319X	5822054002	R03C01	WG0001339-MSA4	G02	TBI-AUTO73063-PT-319X	1
TBI-AUTO73192-PT-35NW	5822038008	R06C02	WG0001338-MSA4	H06	TBI-AUTO73192-PT-35NW	1
TBI-AUTO73150-PT-319U	5815381002	R04C02	WG0001328-MSA4	B08	TBI-AUTO73150-PT-319U	0
PT-M5DV	5822071007	R04C02	WG0001326-MSA4	B02	PT-M5DV	0
TBI-AUTO72963-PT-318H	5822071008	R06C02	WG0001326-MSA4	H03	TBI-AUTO72963-PT-318H	0
PT-M54I	5822054001	R04C02	WG0001339-MSA4	B02	PT-M54I	1
TBI-AUTO73018-PT-314W	5822062007	R01C01	WG0001329-MSA4	E02	TBI-AUTO73018-PT-314W	1
TBI-AUTO73152-PT-35NX	5822038007	R01C02	WG0001338-MSA4	G01	TBI-AUTO73152-PT-35NX	1
TBI-AUTO73331-PT-318O	5822038002	R05C02	WG0001338-MSA4	C08	TBI-AUTO73331-PT-318O	1
TBI-AUTO73009-PT-35NY	5822038004	R04C02	WG0001338-MSA4	F03	TBI-AUTO73009-PT-35NY	1
TBI-AUTO73320-PT-318F	5815381025	R03C01	WG0001328-MSA4	C04	TBI-AUTO73320-PT-318F	0
TBI-AUTO73062-PT-318M	5822062004	R03C02	WG0001329-MSA4	E06	TBI-AUTO73062-PT-318M	1
PT-M59V	5815381007	R03C01	WG0001340-MSA4	G05	PT-M59V	1
TBI-AUTO72989-PT-319T	5815381009	R02C02	WG0001327-MSA4	H04	TBI-AUTO72989-PT-319T	0
TBI-AUTO73169-PT-35BC	5821203010	R03C01	WG0001340-MSA4	C01	TBI-AUTO73169-PT-35BC	1
TBI-AUTO73197-PT-318G	5822062002	R05C02	WG0001326-MSA4	C08	TBI-AUTO73197-PT-318G	0
TBI-AUTO73039-PT-317U	5815381028	R06C02	WG0001340-MSA4	D08	TBI-AUTO73039-PT-317U	1
TBI-AUTO73065-PT-319W	5815381006	R05C02	WG0001327-MSA4	C02	TBI-AUTO73065-PT-319W	0
TBI-AUTO73249-PT-318N	5822062011	R03C02	WG0001329-MSA4	E12	TBI-AUTO73249-PT-318N	1
TBI-AUTO73014-PT-319Y	5815381014	R02C01	WG0001327-MSA4	F11	TBI-AUTO73014-PT-319Y	0
TBI-AUTO73293-PT-3184	5822062006	R05C02	WG0001329-MSA4	C11	TBI-AUTO73293-PT-3184	1
TBI-AUTO73040-PT-319Z	5822062012	R04C01	WG0001329-MSA4	H08	TBI-AUTO73040-PT-319Z	1
TBI-AUTO73082-PT-31A6	5822071007	R02C01	WG0001326-MSA4	B01	TBI-AUTO73082-PT-31A6	0
TBI-AUTO73158-PT-318U	5822071008	R02C02	WG0001326-MSA4	D03	TBI-AUTO73158-PT-318U	0
SM-1Q3QY-qiaAMP	5772325072	R04C02	WG0001796-MSA4	F03	SM-1Q3QY-qiaAMP	1
TBI-AUTO73076-PT-319D	5815381019	R05C02	WG0001328-MSA4	C02	TBI-AUTO73076-PT-319D	0
TBI-AUTO73238-PT-314B	5815381007	R04C01	WG0001340-MSA4	H05	TBI-AUTO73238-PT-314B	1
TBI-AUTO73241-PT-31A3	5815381012	R01C01	WG0001328-MSA4	A10	TBI-AUTO73241-PT-31A3	0
TBI-AUTO73122-PT-35NZ	5822054002	R02C02	WG0001339-MSA4	D03	TBI-AUTO73122-PT-35NZ	1
TBI-AUTO73292-PT-317S	5822062007	R04C01	WG0001329-MSA4	H02	TBI-AUTO73292-PT-317S	1
TBI-AUTO73262-PT-314H	5822062006	R06C01	WG0001329-MSA4	F10	TBI-AUTO73262-PT-314H	1
TBI-AUTO72953-PT-31A5	5822062007	R05C02	WG0001329-MSA4	G03	TBI-AUTO72953-PT-31A5	1
TBI-AUTO73084-PT-318T	5822071008	R03C01	WG0001326-MSA4	G02	TBI-AUTO73084-PT-318T	0
TBI-AUTO73164-PT-31A4	5815381012	R05C01	WG0001328-MSA4	E10	TBI-AUTO73164-PT-31A4	0
TBI-AUTO73070-PT-3183	5822071007	R02C02	WG0001326-MSA4	H01	TBI-AUTO73070-PT-3183	0
TBI-AUTO72979-PT-3185	5822038011	R04C02	WG0001339-MSA4	B05	TBI-AUTO72979-PT-3185	1
PT-M56H	5815381025	R05C01	WG0001328-MSA4	E04	PT-M56H	0
PT-M5NP	5821203011	R03C02	WG0001340-MSA4	A05	PT-M5NP	1
TBI-AUTO73260-PT-3199	5822038012	R05C01	WG0001339-MSA4	A12	TBI-AUTO73260-PT-3199	1
TBI-AUTO73096-PT-35NJ	5822062011	R04C01	WG0001329-MSA4	H11	TBI-AUTO73096-PT-35NJ	1
PT-M5N1	5822062005	R06C01	WG0001329-MSA4	F04	PT-M5N1	1
TBI-AUTO73289-PT-31AB	5815381012	R04C02	WG0001328-MSA4	B11	TBI-AUTO73289-PT-31AB	0
TBI-AUTO73123-PT-3194	5822038009	R05C01	WG0001338-MSA4	A09	TBI-AUTO73123-PT-3194	1
TBI-AUTO72974-PT-31AE	5822054001	R01C01	WG0001339-MSA4	A01	TBI-AUTO72974-PT-31AE	1
TBI-AUTO73210-PT-31AC	5815381026	R05C02	WG0001327-MSA4	G03	TBI-AUTO73210-PT-31AC	0
TBI-AUTO73304-PT-3197	5822071005	R03C02	WG0001326-MSA4	E06	TBI-AUTO73304-PT-3197	0
PT-M55S	5822038004	R01C02	WG0001338-MSA4	C03	PT-M55S	1
PT-M563	5822038001	R05C02	WG0001339-MSA4	G09	PT-M563	1
TBI-AUTO73052-PT-35NE	5822062008	R05C01	WG0001329-MSA4	E01	TBI-AUTO73052-PT-35NE	1
TBI-AUTO73310-PT-317W	5815381002	R01C02	WG0001328-MSA4	G07	TBI-AUTO73310-PT-317W	0
PT-M556	5815381029	R03C01	WG0001328-MSA4	G11	PT-M556	0
TBI-AUTO73098-PT-35NF	5822071007	R04C01	WG0001326-MSA4	D01	TBI-AUTO73098-PT-35NF	0
TBI-AUTO72999-PT-319B	5822038005	R05C01	WG0001338-MSA4	E04	TBI-AUTO72999-PT-319B	1
TBI-AUTO73215-PT-3198	5815381025	R02C02	WG0001328-MSA4	H04	TBI-AUTO73215-PT-3198	0
TBI-AUTO73155-PT-35O1	5815381017	R04C01	WG0001327-MSA4	H08	TBI-AUTO73155-PT-35O1	0
PT-M5QN	5815381028	R06C01	WG0001340-MSA4	F07	PT-M5QN	1
TBI-AUTO73263-PT-314U	5815381008	R03C01	WG0001328-MSA4	G08	TBI-AUTO73263-PT-314U	0
TBI-AUTO73086-PT-31AA	5815381006	R05C01	WG0001327-MSA4	E01	TBI-AUTO73086-PT-31AA	0
PT-M5RF	5821203016	R03C01	WG0001340-MSA4	G02	PT-M5RF	1
TBI-AUTO73299-PT-3187	5822038007	R03C02	WG0001338-MSA4	A02	TBI-AUTO73299-PT-3187	1
TBI-AUTO73278-PT-35O2	5822038009	R01C01	WG0001338-MSA4	E08	TBI-AUTO73278-PT-35O2	1
SM-1Q3R2-qiaAMP	5772325072	R06C02	WG0001796-MSA4	H03	SM-1Q3R2-qiaAMP	1
TBI-AUTO73217-PT-319S	5815381023	R03C02	WG0001327-MSA4	A11	TBI-AUTO73217-PT-319S	0
TBI-AUTO73283-PT-318D	5815381023	R06C01	WG0001327-MSA4	F10	TBI-AUTO73283-PT-318D	0
TBI-AUTO73135-PT-31A7	5822062008	R05C02	WG0001329-MSA4	C02	TBI-AUTO73135-PT-31A7	1
TBI-AUTO73330-PT-35O3	5822062006	R04C02	WG0001329-MSA4	B11	TBI-AUTO73330-PT-35O3	1
TBI-AUTO73106-PT-319P	5821203016	R04C02	WG0001340-MSA4	F03	TBI-AUTO73106-PT-319P	1
TBI-AUTO73077-PT-35O4	5822038006	R03C01	WG0001339-MSA4	G05	TBI-AUTO73077-PT-35O4	1
TBI-AUTO73199-PT-318C	5821203010	R05C01	WG0001340-MSA4	E01	TBI-AUTO73199-PT-318C	1
TBI-AUTO73168-PT-314D	5822062004	R04C02	WG0001329-MSA4	F06	TBI-AUTO73168-PT-314D	1
TBI-AUTO72997-PT-35OF	5822020002	R06C02	WG0001338-MSA4	H12	TBI-AUTO72997-PT-35OF	1
TBI-AUTO73159-PT-314M	5822038002	R03C02	WG0001338-MSA4	A08	TBI-AUTO73159-PT-314M	1
TBI-AUTO73180-PT-35O5	5822038009	R04C01	WG0001338-MSA4	H08	TBI-AUTO73180-PT-35O5	1
PT-M5E3	5815381027	R02C01	WG0001328-MSA4	F02	PT-M5E3	0
TBI-AUTO73318-PT-319I	5822038006	R03C02	WG0001339-MSA4	E06	TBI-AUTO73318-PT-319I	1
TBI-AUTO73100-PT-35B8	5822054002	R01C01	WG0001339-MSA4	E02	TBI-AUTO73100-PT-35B8	1
TBI-AUTO73301-PT-35BE	5815381005	R04C02	WG0001327-MSA4	B08	TBI-AUTO73301-PT-35BE	0
PT-M5MC	5822071005	R05C01	WG0001326-MSA4	A06	PT-M5MC	0
PT-M591	5815381015	R03C01	WG0001328-MSA4	G05	PT-M591	0
TBI-AUTO73142-PT-35O6	5822038007	R01C01	WG0001338-MSA4	A01	TBI-AUTO73142-PT-35O6	1
TBI-AUTO73154-PT-3188	5815381006	R06C01	WG0001327-MSA4	F01	TBI-AUTO73154-PT-3188	0
SM-1Q3QX-qiaAMP	5772325072	R03C02	WG0001796-MSA4	E03	SM-1Q3QX-qiaAMP	1
TBI-AUTO73228-PT-319N	5815381027	R03C02	WG0001328-MSA4	E03	TBI-AUTO73228-PT-319N	0
SM-1Q3QT-qiaAMP	5772325089	R05C02	WG0001796-MSA4	C02	SM-1Q3QT-qiaAMP	1
TBI-AUTO73035-PT-314K	5822020005	R02C02	WG0001338-MSA4	H10	TBI-AUTO73035-PT-314K	1
TBI-AUTO73092-PT-3182	5815381002	R02C02	WG0001328-MSA4	H07	TBI-AUTO73092-PT-3182	0
TBI-AUTO73237-PT-318B	5815381026	R04C02	WG0001327-MSA4	F03	TBI-AUTO73237-PT-318B	0
TBI-AUTO73313-PT-319Q	5815381002	R06C02	WG0001328-MSA4	D08	TBI-AUTO73313-PT-319Q	0
TBI-AUTO73083-PT-314E	5822038012	R03C02	WG0001339-MSA4	E12	TBI-AUTO73083-PT-314E	1
TBI-AUTO73021-PT-35BJ	5815381028	R05C01	WG0001340-MSA4	E07	TBI-AUTO73021-PT-35BJ	1
TBI-AUTO72985-PT-318Y	5822038012	R01C02	WG0001339-MSA4	C12	TBI-AUTO72985-PT-318Y	1
TBI-AUTO72966-PT-314N	5822020010	R03C01	WG0001091-MSA4	C01	TBI-AUTO72966-PT-314N	1
TBI-AUTO73212-PT-35BG	5822020005	R03C01	WG0001338-MSA4	C10	TBI-AUTO73212-PT-35BG	1
TBI-AUTO73058-PT-35B9	5822062009	R01C01	WG0001329-MSA4	A07	TBI-AUTO73058-PT-35B9	1
PT-M5S8	5815381009	R04C02	WG0001327-MSA4	B05	PT-M5S8	0
SM-1Q3QZ-qiaAMP	5772325072	R05C02	WG0001796-MSA4	G03	SM-1Q3QZ-qiaAMP	1
TBI-AUTO73132-PT-35BF	5821203011	R01C01	WG0001340-MSA4	A04	TBI-AUTO73132-PT-35BF	1
TBI-AUTO73050-PT-35BH	5822038008	R05C01	WG0001338-MSA4	A06	TBI-AUTO73050-PT-35BH	1
SM-1Q3QM-qiaAMP	5772325089	R01C01	WG0001796-MSA4	A01	SM-1Q3QM-qiaAMP	1
TBI-AUTO73231-PT-35B2	5822062001	R04C01	WG0001326-MSA4	H11	TBI-AUTO73231-PT-35B2	0
TBI-AUTO73139-PT-35B4	5815381030	R03C02	WG0001340-MSA4	E09	TBI-AUTO73139-PT-35B4	1
TBI-AUTO73271-PT-35O7	5822054008	R06C02	WG0001339-MSA4	D08	TBI-AUTO73271-PT-35O7	1
TBI-AUTO72959-PT-318W	5822054008	R03C01	WG0001339-MSA4	C07	TBI-AUTO72959-PT-318W	1
PT-M5R3	5815381027	R03C01	WG0001328-MSA4	G02	PT-M5R3	0
TBI-AUTO73191-PT-35O8	5815381012	R06C02	WG0001328-MSA4	D11	TBI-AUTO73191-PT-35O8	0
TBI-AUTO73089-PT-319O	5822038005	R03C01	WG0001338-MSA4	C04	TBI-AUTO73089-PT-319O	1
TBI-AUTO73265-PT-35O9	5822020005	R05C01	WG0001338-MSA4	E10	TBI-AUTO73265-PT-35O9	1
TBI-AUTO73309-PT-3189	5815381023	R03C01	WG0001327-MSA4	C10	TBI-AUTO73309-PT-3189	0
TBI-AUTO73060-PT-35BL	5822062008	R02C02	WG0001329-MSA4	H01	TBI-AUTO73060-PT-35BL	1
TBI-AUTO73321-PT-318V	5815381026	R06C02	WG0001327-MSA4	H03	TBI-AUTO73321-PT-318V	0
TBI-AUTO73203-PT-35OA	5822038012	R02C01	WG0001339-MSA4	F11	TBI-AUTO73203-PT-35OA	1
TBI-AUTO73240-PT-35BI	5822062006	R01C02	WG0001329-MSA4	G10	TBI-AUTO73240-PT-35BI	1
TBI-AUTO73080-PT-35NH	5822038009	R04C02	WG0001338-MSA4	F09	TBI-AUTO73080-PT-35NH	1
TBI-AUTO73308-PT-318Z	5822020010	R01C01	WG0001091-MSA4	A01	TBI-AUTO73308-PT-318Z	1
TBI-AUTO72981-PT-314A	5822038005	R02C02	WG0001338-MSA4	H04	TBI-AUTO72981-PT-314A	1
TBI-AUTO72987-PT-319R	5815381006	R04C02	WG0001327-MSA4	B02	TBI-AUTO72987-PT-319R	0
TBI-AUTO73129-PT-314V	5815381023	R02C01	WG0001327-MSA4	B10	TBI-AUTO73129-PT-314V	0
TBI-AUTO73015-PT-35NI	5822038004	R05C02	WG0001338-MSA4	G03	TBI-AUTO73015-PT-35NI	1
TBI-AUTO73061-PT-314Q	5822038003	R06C02	WG0001339-MSA4	D11	TBI-AUTO73061-PT-314Q	1
TBI-AUTO73127-PT-35OB	5822062011	R02C01	WG0001329-MSA4	F11	TBI-AUTO73127-PT-35OB	1
PT-M5AT	5815381029	R02C01	WG0001328-MSA4	F11	PT-M5AT	0
TBI-AUTO73013-PT-319M	5815381002	R02C01	WG0001328-MSA4	B07	TBI-AUTO73013-PT-319M	0
TBI-AUTO72955-PT-35OC	5815381017	R05C02	WG0001327-MSA4	G09	TBI-AUTO72955-PT-35OC	0
TBI-AUTO73291-PT-35OD	5822038012	R04C01	WG0001339-MSA4	H11	TBI-AUTO73291-PT-35OD	1
TBI-AUTO73257-PT-35OE	5822054002	R03C02	WG0001339-MSA4	E03	TBI-AUTO73257-PT-35OE	1
PT-F6OC	5822038008	R02C02	WG0001338-MSA4	D06	PT-F6OC	1
TBI-AUTO73020-PT-2ZWO	5822054002	R05C02	WG0001339-MSA4	G03	TBI-AUTO73020-PT-2ZWO	1
TBI-AUTO73328-PT-35AT	5822062002	R06C02	WG0001326-MSA4	D08	TBI-AUTO73328-PT-35AT	0
TBI-AUTO73207-PT-35AG	5822071004	R06C02	WG0001326-MSA4	H09	TBI-AUTO73207-PT-35AG	0
TBI-AUTO73007-PT-31A2	5822071007	R03C01	WG0001326-MSA4	C01	TBI-AUTO73007-PT-31A2	0
PT-BZHL	5822038003	R02C01	WG0001339-MSA4	B10	PT-BZHL	1
PT-BZCH	5815381029	R05C02	WG0001328-MSA4	G12	PT-BZCH	0
PT-BY9H	5822020010	R05C02	WG0001091-MSA4	C02	PT-BY9H	1
PT-BZI5	5822062009	R04C02	WG0001329-MSA4	B08	PT-BZI5	1
PT-BZ1A	5822020007	R03C01	WG0001091-MSA4	G02	PT-BZ1A	1
PT-BZ67	5822038001	R06C01	WG0001339-MSA4	B09	PT-BZ67	1
PT-BZHC	5815381008	R03C02	WG0001328-MSA4	E09	PT-BZHC	0
PT-BZD2	5822054008	R06C01	WG0001339-MSA4	F07	PT-BZD2	1
PT-BZH6	5822062007	R05C01	WG0001329-MSA4	A03	PT-BZH6	1
PT-BYQF	5815381014	R04C02	WG0001327-MSA4	F12	PT-BYQF	0
PT-BZG4	5822038001	R04C01	WG0001339-MSA4	H08	PT-BZG4	1
PT-BZH5	5822062004	R06C01	WG0001329-MSA4	B06	PT-BZH5	1
PT-BYDJ	5822020002	R06C01	WG0001338-MSA4	B12	PT-BYDJ	1
PT-BZGV	5822038005	R02C01	WG0001338-MSA4	B04	PT-BZGV	1
PT-BZG3	5822062008	R06C02	WG0001329-MSA4	D02	PT-BZG3	1
PT-BYUX	5822071008	R02C01	WG0001326-MSA4	F02	PT-BYUX	0
PT-BYF4	5822054002	R06C01	WG0001339-MSA4	B03	PT-BYF4	1
PT-BY9I	5822020003	R02C02	WG0001091-MSA4	H10	PT-BY9I	1
PT-BYUV	5822020006	R02C01	WG0001091-MSA4	F08	PT-BYUV	1
PT-BZAP	5822038009	R01C02	WG0001338-MSA4	C09	PT-BZAP	1
PT-BZC4	5822062009	R03C02	WG0001329-MSA4	A08	PT-BZC4	1
PT-BZ7C	5822020010	R06C01	WG0001091-MSA4	F01	PT-BZ7C	1
PT-BZFZ	5815381026	R03C01	WG0001327-MSA4	G02	PT-BZFZ	0
PT-BZHS	5822071005	R05C02	WG0001326-MSA4	G06	PT-BZHS	0
PT-3PNQ	5822020007	R04C01	WG0001091-MSA4	H02	PT-3PNQ	1
PT-BZGU	5822038005	R04C02	WG0001338-MSA4	B05	PT-BZGU	1
PT-BZBS	5815381009	R01C02	WG0001327-MSA4	G04	PT-BZBS	0
PT-BZC7	5822038008	R04C02	WG0001338-MSA4	F06	PT-BZC7	1
PT-BYJ8	5815381018	R02C01	WG0001327-MSA4	F05	PT-BYJ8	0
PT-BYA7	5822020004	R02C02	WG0001091-MSA4	H04	PT-BYA7	1
PT-BYV2	5822020008	R01C01	WG0001091-MSA4	A07	PT-BYV2	1
PT-BZHD	5821203010	R06C01	WG0001340-MSA4	F01	PT-BZHD	1
PT-BY9B	5822038011	R05C01	WG0001339-MSA4	E04	PT-BY9B	1
PT-BZAS	6042324057	R01C02	WG0003259-MSA4	G01	PT-BZAS	1
PT-BZGZ	5815381023	R05C02	WG0001327-MSA4	C11	PT-BZGZ	0
PT-BYDW	5822062002	R04C01	WG0001326-MSA4	D07	PT-BYDW	0
PT-BZAU	5821203016	R02C01	WG0001340-MSA4	F02	PT-BZAU	1
PT-BZYG	5822020006	R05C02	WG0001091-MSA4	G09	PT-BZYG	1
PT-BZC1	5815381012	R02C02	WG0001328-MSA4	H10	PT-BZC1	0
PT-BZSE	5822020007	R02C02	WG0001091-MSA4	D03	PT-BZSE	1
PT-BZBT	5822062009	R05C01	WG0001329-MSA4	E07	PT-BZBT	1
PT-BYE3	5822038005	R01C02	WG0001338-MSA4	G04	PT-BYE3	1
PT-BY9P	5822020004	R05C02	WG0001091-MSA4	C05	PT-BY9P	1
PT-BYUH	5815381015	R06C02	WG0001328-MSA4	H06	PT-BYUH	0
PT-BZCZ	5815381028	R02C01	WG0001340-MSA4	B07	PT-BZCZ	1
PT-BYVO	5821203016	R06C01	WG0001340-MSA4	B03	PT-BYVO	1
PT-BYZM	5822038008	R04C01	WG0001338-MSA4	H05	PT-BYZM	1
PT-BZB4	5822062006	R02C02	WG0001329-MSA4	H10	PT-BZB4	1
PT-BZIB	5815381029	R06C02	WG0001328-MSA4	H12	PT-BZIB	0
PT-BZAX	5822071006	R03C02	WG0001326-MSA4	A05	PT-BZAX	0
PT-BZHK	5822062009	R04C01	WG0001329-MSA4	D07	PT-BZHK	1
PT-BYVZ	5822071006	R04C02	WG0001326-MSA4	B05	PT-BYVZ	0
PT-BYD9	5815381026	R02C02	WG0001327-MSA4	D03	PT-BYD9	0
PT-BZLT	5822020006	R06C01	WG0001091-MSA4	B09	PT-BZLT	1
PT-BZC8	5822054001	R03C01	WG0001339-MSA4	C01	PT-BZC8	1
PT-BYED	5822038009	R05C02	WG0001338-MSA4	G09	PT-BYED	1
PT-BYEZ	5822038003	R02C02	WG0001339-MSA4	H10	PT-BYEZ	1
PT-BZRQ	5821203010	R01C01	WG0001340-MSA4	A01	PT-BZRQ	1
PT-BZGO	5822071001	R01C02	WG0001326-MSA4	G10	PT-BZGO	0
PT-BZBC	5815381029	R06C01	WG0001328-MSA4	B12	PT-BZBC	0
PT-BZI1	5822020005	R06C01	WG0001338-MSA4	F10	PT-BZI1	1
PT-BZIJ	5815381019	R06C01	WG0001328-MSA4	F01	PT-BZIJ	0
PT-BZ6A	5822062011	R03C01	WG0001329-MSA4	G11	PT-BZ6A	1
PT-BZD6	5822038005	R06C01	WG0001338-MSA4	F04	PT-BZD6	1
PT-BZG5	5822038008	R01C02	WG0001338-MSA4	C06	PT-BZG5	1
PT-BYER	5815381030	R02C02	WG0001340-MSA4	D09	PT-BYER	1
PT-BYJY	5822020008	R02C01	WG0001091-MSA4	B07	PT-BYJY	1
PT-BZCW	5815381029	R04C02	WG0001328-MSA4	F12	PT-BZCW	0
PT-BZS2	5822020003	R05C02	WG0001091-MSA4	C11	PT-BZS2	1
PT-BYQM	5822020001	R03C01	WG0001091-MSA4	G11	PT-BYQM	1
PT-BZSA	5822020010	R04C01	WG0001091-MSA4	D01	PT-BZSA	1
PT-BZ71	5822020008	R03C01	WG0001091-MSA4	C07	PT-BZ71	1
PT-BZBO	5815381029	R04C01	WG0001328-MSA4	H11	PT-BZBO	0
PT-BYP1	5822020008	R04C02	WG0001091-MSA4	B08	PT-BYP1	1
PT-BZCF	5822062005	R02C01	WG0001329-MSA4	B04	PT-BZCF	1
PT-BYFC	5815381007	R01C02	WG0001340-MSA4	C06	PT-BYFC	1
PT-BYDK	5822062009	R02C02	WG0001329-MSA4	H07	PT-BYDK	1
PT-BYZI	5822020001	R05C01	WG0001091-MSA4	A12	PT-BYZI	1
PT-BZID	5822062009	R06C02	WG0001329-MSA4	D08	PT-BZID	1
PT-BZGX	5815381006	R01C02	WG0001327-MSA4	G01	PT-BZGX	0
PT-BZBH	5815381017	R05C01	WG0001327-MSA4	A09	PT-BZBH	0
PT-BYDV	5815381002	R06C01	WG0001328-MSA4	F07	PT-BYDV	0
PT-BZ6V	5822020007	R01C02	WG0001091-MSA4	C03	PT-BZ6V	1
PT-BZCC	5815381017	R03C02	WG0001327-MSA4	E09	PT-BZCC	0
PT-BYJ4	5822020001	R04C02	WG0001091-MSA4	F12	PT-BYJ4	1
PT-BYZT	6042324057	R06C02	WG0003259-MSA4	D02	PT-BYZT	1
PT-BZRE	5822020001	R04C01	WG0001091-MSA4	H11	PT-BZRE	1
PT-BZBN	5815381007	R02C01	WG0001340-MSA4	F05	PT-BZBN	1
PT-BZH9	5815381029	R05C01	WG0001328-MSA4	A12	PT-BZH9	0
PT-BZR2	5822071007	R06C02	WG0001326-MSA4	D02	PT-BZR2	0
PT-BYK9	5822020006	R04C02	WG0001091-MSA4	F09	PT-BYK9	1
PT-BZAW	5822062008	R03C01	WG0001329-MSA4	C01	PT-BZAW	1
PT-BYOR	5815381030	R05C01	WG0001340-MSA4	A09	PT-BYOR	1
PT-BYPH	5822020003	R03C02	WG0001091-MSA4	A11	PT-BYPH	1
PT-BZHH	6042324057	R06C01	WG0003259-MSA4	F01	PT-BZHH	1
PT-BYDA	5815381007	R06C02	WG0001340-MSA4	H06	PT-BYDA	1
PT-BZSF	5815381007	R05C01	WG0001340-MSA4	A06	PT-BZSF	1
PT-BYPM	5822020010	R02C02	WG0001091-MSA4	H01	PT-BYPM	1
PT-BZNN	5822020001	R06C01	WG0001091-MSA4	B12	PT-BZNN	1
PT-BZG6	5822071006	R05C02	WG0001326-MSA4	C05	PT-BZG6	0
PT-BYZX	5822020010	R04C02	WG0001091-MSA4	B02	PT-BYZX	1
PT-BZCN	5822071004	R02C01	WG0001326-MSA4	F08	PT-BZCN	0
PT-BZIK	5815381014	R01C02	WG0001327-MSA4	C12	PT-BZIK	0
PT-BY57	5822038008	R05C02	WG0001338-MSA4	G06	PT-BY57	1
PT-BZAO	5822071001	R05C02	WG0001326-MSA4	C11	PT-BZAO	0
PT-BZBW	5821203011	R06C02	WG0001340-MSA4	D05	PT-BZBW	1
PT-BZN3	5822020004	R04C01	WG0001091-MSA4	D04	PT-BZN3	1
PT-BYTN	5815381014	R04C01	WG0001327-MSA4	H11	PT-BYTN	0
PT-BZBA	6042324057	R03C01	WG0003259-MSA4	C01	PT-BZBA	1
PT-BZ6Q	5822038008	R03C02	WG0001338-MSA4	E06	PT-BZ6Q	1
PT-C1N7	5822071004	R06C01	WG0001326-MSA4	B09	PT-C1N7	0
PT-BYVB	5822038001	R03C01	WG0001339-MSA4	G08	PT-BYVB	1
PT-BYFE	5822038008	R03C01	WG0001338-MSA4	G05	PT-BYFE	1
PT-BZBY	5822062006	R06C02	WG0001329-MSA4	D11	PT-BZBY	1
PT-BZCE	5815381025	R01C01	WG0001328-MSA4	A04	PT-BZCE	0
PT-3PTN	5822020010	R03C02	WG0001091-MSA4	A02	PT-3PTN	1
PT-BYDP	5822038002	R05C01	WG0001338-MSA4	E07	PT-BYDP	1
PT-BYE5	5822071008	R06C01	WG0001326-MSA4	B03	PT-BYE5	0
PT-BZIE	5822038003	R03C02	WG0001339-MSA4	A11	PT-BZIE	1
PT-BZT8	5822062001	R05C01	WG0001326-MSA4	A12	PT-BZT8	0
PT-BYP9	5822020007	R03C02	WG0001091-MSA4	E03	PT-BYP9	1
PT-BYDS	5822071001	R02C01	WG0001326-MSA4	B10	PT-BYDS	0
PT-BZCJ	5821203011	R06C01	WG0001340-MSA4	F04	PT-BZCJ	1
PT-BYDX	5822038004	R06C02	WG0001338-MSA4	H03	PT-BYDX	1
PT-3PHY	5822020010	R01C02	WG0001091-MSA4	G01	PT-3PHY	1
PT-BYE8	5815381030	R03C01	WG0001340-MSA4	G08	PT-BYE8	1
PT-BZCV	5822071004	R03C02	WG0001326-MSA4	E09	PT-BZCV	0
PT-BYO8	5815381027	R02C02	WG0001328-MSA4	D03	PT-BYO8	0
PT-BZIG	5822054008	R05C01	WG0001339-MSA4	E07	PT-BZIG	1
PT-BY89	5822020002	R04C02	WG0001338-MSA4	F12	PT-BY89	1
PT-BZ6L	5822020004	R05C01	WG0001091-MSA4	E04	PT-BZ6L	1
PT-BZ7Y	5822020006	R03C02	WG0001091-MSA4	E09	PT-BZ7Y	1
PT-BYKR	5822020004	R06C01	WG0001091-MSA4	F04	PT-BYKR	1
PT-BZHM	5822062006	R03C02	WG0001329-MSA4	A11	PT-BZHM	1
PT-BY8G	6042324057	R05C02	WG0003259-MSA4	C02	PT-BY8G	1
PT-BZN8	5822020006	R01C01	WG0001091-MSA4	E08	PT-BZN8	1
PT-BZCM	5821203011	R05C02	WG0001340-MSA4	C05	PT-BZCM	1
PT-BZBU	5822038011	R06C02	WG0001339-MSA4	D05	PT-BZBU	1
PT-BYDT	5815381009	R06C02	WG0001327-MSA4	D05	PT-BYDT	0
PT-BZBX	5815381023	R04C01	WG0001327-MSA4	D10	PT-BZBX	0
PT-BZGE	5815381012	R01C02	WG0001328-MSA4	G10	PT-BZGE	0
PT-BYZP	5822020003	R02C01	WG0001091-MSA4	B10	PT-BYZP	1
PT-BZ6U	5822020004	R03C01	WG0001091-MSA4	C04	PT-BZ6U	1
PT-BZHY	5815381002	R05C01	WG0001328-MSA4	E07	PT-BZHY	0
PT-BYJ1	5822071001	R03C01	WG0001326-MSA4	C10	PT-BYJ1	0
PT-BYUI	5822020001	R03C02	WG0001091-MSA4	E12	PT-BYUI	1
PT-BY9G	5822020003	R06C02	WG0001091-MSA4	D11	PT-BY9G	1
PT-BZH8	5822038008	R01C01	WG0001338-MSA4	E05	PT-BZH8	1
PT-BZ19	5822020001	R02C01	WG0001091-MSA4	F11	PT-BZ19	1
PT-BYDU	5815381030	R04C02	WG0001340-MSA4	F09	PT-BYDU	1
PT-BYPL	5822038003	R04C02	WG0001339-MSA4	B11	PT-BYPL	1
PT-BZH4	5822038003	R04C01	WG0001339-MSA4	D10	PT-BZH4	1
PT-C1NB	5815381008	R06C02	WG0001328-MSA4	H09	PT-C1NB	0
PT-BYDN	5815381014	R03C01	WG0001327-MSA4	G11	PT-BYDN	0
PT-3PND	5822020009	R03C01	WG0001091-MSA4	G05	PT-3PND	1
PT-BZ81	5822020006	R05C01	WG0001091-MSA4	A09	PT-BZ81	1
PT-BZCU	5822020005	R02C01	WG0001338-MSA4	B10	PT-BZCU	1
PT-BZGR	5822054001	R06C01	WG0001339-MSA4	F01	PT-BZGR	1
PT-BZ5E	5815381005	R02C02	WG0001327-MSA4	H07	PT-BZ5E	0
PT-BYDE	5822071006	R05C01	WG0001326-MSA4	E04	PT-BYDE	0
PT-BZBJ	5821203011	R04C01	WG0001340-MSA4	D04	PT-BZBJ	1
PT-BYIY	5822020010	R05C01	WG0001091-MSA4	E01	PT-BYIY	1
PT-BZCG	5822062011	R01C02	WG0001329-MSA4	C12	PT-BZCG	1
PT-BZMP	5822071008	R01C01	WG0001326-MSA4	E02	PT-BZMP	0
PT-BZD7	5815381030	R04C01	WG0001340-MSA4	H08	PT-BZD7	1
PT-BZG8	6042324057	R04C02	WG0003259-MSA4	B02	PT-BZG8	1
PT-C1N8	5822038006	R06C02	WG0001339-MSA4	H06	PT-C1N8	1
PT-BYJP	6042324057	R05C01	WG0003259-MSA4	E01	PT-BYJP	1
PT-BZHV	5821203016	R05C02	WG0001340-MSA4	G03	PT-BZHV	1
PT-BZI2	5815381008	R01C02	WG0001328-MSA4	C09	PT-BZI2	0
PT-BZD3	5822038006	R04C02	WG0001339-MSA4	F06	PT-BZD3	1
